{"name":"pinch_close","mu":[0.2550845333597617,0.24244040503795006,2.611477493007897,2.6899088329736904,2.6484256486657203,1.4106541148575782,1.2554266703624017,0.37024027026490386,0.36802784488589346,0.3579178038501487,0.46102667883170684,2.5755422806961894,2.668922252736711,2.647184027203863,2.524764503185953,2.635061031297626,2.603972023256932,0.43341367894769195,0.486246240063272,0.36066941356658766,0.13877196303195818],"variances":[0.009038468508218444,0.009063482989349026,0.03891024717500484,0.04943118040526213,0.038239385211921086,0.02479017928370806,0.032185197742246735,0.0052124882325469465,0.010758915851961693,0.004967241065548583,0.008442455840435632,0.053412078948999304,0.04500300293543335,0.04221949803401829,0.06779200301794157,0.049404023378095865,0.024986022129817778,0.04881299495006822,0.05740962633953325,0.046726911347262014,0.0036042414467933465],"log_det":-79.07944730933265}