{"name":"thumbs_up","mu":[0.15275247204784093,2.568315028975156,2.6177348781184544,2.656632838535866,2.582517347303081,2.631040067802075,0.36218316591198413,0.34929840263812617,0.383660428020759,0.3745312926998726,2.5935536981407896,2.5774407679188425,2.6731054050273246,2.6027242911371196,0.5935515470640595,0.42803026444177417,0.4703935998725466,0.49108379904093347,0.4859647980206788,0.3895277341131796,2.8648591676807],"variances":[0.006630185342709463,0.07178993555241892,0.08309529940714029,0.04845518017858161,0.0338355677931033,0.09029288209184945,0.00928755349837813,0.006536430865220156,0.011591661364253006,0.012705298729515447,0.0724496544375514,0.08217293184529441,0.04131206616360194,0.037555753811979356,0.10158998345944514,0.04135988515483032,0.060804694101545764,0.09919323231761436,0.0772560026515204,0.03925021459922003,0.10335048462920197],"log_det":-67.7320139251735}