{"name":"v_sign","mu":[2.6207922153202916,0.18402545724256472,0.15907556768180728,2.6103397036325875,2.5793320604384053,0.3761958925236476,2.329705266341271,2.4512139036903005,0.34761857750946495,0.3937251761456617,2.6150825168318836,2.6206339885605985,0.37598997301757436,0.41161391725373436,0.1423383181858996,2.6426429976549572,2.622391322222182,2.632961300541055,2.614035758644248,0.40298685633623815,2.772840500484057],"variances":[0.037097318383385834,0.007741328879905922,0.006511369956403791,0.04423898559341881,0.07499690668570232,0.009571311573109082,0.05745722408237219,0.08829298555695242,0.00743947843683681,0.011056133546826292,0.027271098801965057,0.02791031466165102,0.03219729847754444,0.035805468139490176,0.0030941609629271632,0.03608524170394101,0.06846942106864157,0.043446076946671006,0.06622442630389427,0.038617370190018756,0.09181203953078934],"log_det":-75.45727138453299}